<?xml version="1.0" encoding="UTF-8"?>
<project-private xmlns="http://www.netbeans.org/ns/project-private/1">
    <editor-bookmarks xmlns="http://www.netbeans.org/ns/editor-bookmarks/2" lastBookmarkId="0"/>
    <open-files xmlns="http://www.netbeans.org/ns/projectui-open-files/2">
        <group>
            <file>file:/C:/xampp/htdocs/Assigment/admin/adminAddEvent.php</file>
            <file>file:/C:/xampp/htdocs/Assigment/admin/includes/shianWei_helper.php</file>
            <file>file:/C:/xampp/htdocs/Assigment/admin/adminDeleteBooking.php</file>
            <file>file:/C:/xampp/htdocs/Assigment/admin/adminDeleteEvent.php</file>
            <file>file:/C:/xampp/htdocs/Assigment/admin/adminDeleteMember.php</file>
            <file>file:/C:/xampp/htdocs/Assigment/admin/adminEditBooking.php</file>
            <file>file:/C:/xampp/htdocs/Assigment/User/signUp.php</file>
            <file>file:/C:/xampp/htdocs/Assigment/User/event.php</file>
            <file>file:/C:/xampp/htdocs/Assigment/User/contactUs.php</file>
            <file>file:/C:/xampp/htdocs/Assigment/admin/adminEditEvent.php</file>
            <file>file:/C:/xampp/htdocs/Assigment/admin/includes/eventFunction_dbh.php</file>
            <file>file:/C:/xampp/htdocs/Assigment/admin/adminBooking.php</file>
            <file>file:/C:/xampp/htdocs/Assigment/admin/adminEditImages.php</file>
            <file>file:/C:/xampp/htdocs/Assigment/admin/adminMember.php</file>
            <file>file:/C:/xampp/htdocs/Assigment/admin/adminEvent.php</file>
            <file>file:/C:/xampp/htdocs/Assigment/admin/adminAddEvent.css</file>
        </group>
    </open-files>
</project-private>
